Dayana Bahringer, jabari_emard@waters.com, 1-959-394-5887, 1997-11-21
Lucienne McCullough, elta@koelpin.info, 222.536.0220, 1996-12-11
Alison Carroll II, harold_swaniawski@dicki.info, (763)429-1514, 2004-06-14
Norval Greenholt, herman.cruickshank@stoltenbergkshlerin.info, 1-808-380-6484, 1994-10-06
Kayleigh Fritsch II, shania@hoeger.info, 821.998.5489 x866, 2000-11-25
Zola Halvorson, janice_leuschke@spencernitzsche.biz, 419-116-2693, 1998-05-25
Hector Sawayn, sebastian@gleason.org, 340-201-7692 x2261, 1996-06-07
Barney Kuphal V, boyd_dooley@heathcote.biz, 518.106.1351, 1998-04-21
Shaniya Langworth, danielle_ankunding@torphymckenzie.name, 1-228-761-6120 x208, 1999-04-03
Miss Allison Runte, ollie.mante@lubowitzschimmel.net, (846)635-9971 x5504, 1998-05-06
Roselyn Prohaska, bertram@farrellwatsica.com, 172.836.3899 x766, 1991-03-15
Audra Cremin, darrel_schaden@kunze.net, 288.132.5854 x15508, 1989-06-15
Lempi Friesen, noah@rempel.biz, 467.288.7268, 1995-11-13
Misty Gibson, jorge_gislason@walker.net, 942-343-4066 x8107, 1989-08-03
Naomi Johnson, leila@feil.name, 973-544-6957 x2839, 1997-10-29
Dr. Ebba Jacobson, marcelle@larkin.name, 1-402-900-7736, 1995-04-06
Mr. Dandre Parisian, hilda@eichmannshields.name, 483-867-8494 x7725, 1994-07-20
Savion Nolan, stephania@emard.name, 639-773-1546 x98876, 1997-08-03
Eleonore Kiehn, nettie@hicklejenkins.info, (996)761-9898 x819, 1991-02-26
Charlie Metz, gianni.murray@buckridge.biz, (234)650-3600 x2017, 2002-04-20
Neal Farrell, aryanna@okeefehalvorson.biz, 306.014.1876 x25748, 1995-06-03
Elian Schamberger, mohamed.collins@mrazjaskolski.com, 272.471.1779, 1997-12-03
Maia Schamberger, maeve.legros@thompsonglover.name, (726)554-3758 x187, 2004-12-31
Alexa Little, quinn@binskirlin.com, 961.240.9992 x91358, 1994-06-29
Arianna Gusikowski, juliet@orn.biz, 488.411.3046, 1998-08-31
Nathanial Russel, javon.heaney@wardarmstrong.org, 966-612-4467 x53293, 1998-08-13
Yesenia Rice, carey@wolfjakubowski.com, 443.418.4646, 1990-07-07
Mrs. Sheldon Leffler, beie_strosin@nitzschedenesik.net, 461-608-2767 x8776, 2002-02-25
Hulda Labadie II, bridgette_will@schamberger.org, 399-679-7284 x04442, 1996-03-19
Mrs. Tracy Grady, zoie@lemkenienow.biz, 1-632-469-1076, 1997-06-03
Nedra Toy, maximus.feest@toy.info, 1-750-797-8109 x2609, 1998-12-22
Hardy Watsica, rafael@funk.com, 1-447-822-5575, 1995-04-24
Trevor Runolfsdottir, rupert_sauer@adams.com, 1-316-290-3671, 2002-12-26
Jakayla Strosin, edgar@walsh.info, 728.679.1620, 1995-07-01
Emiliano Balistreri, myah_kshlerin@mclaughlinpredovic.biz, (174)488-3870 x0837, 2000-04-10
Meta Bartoletti, brock@oreilly.biz, 1-894-044-2508 x104, 1995-02-28
Vaughn Reichert, madalyn@kertzmann.net, 834-545-3039, 1992-12-11
Brandon Rath III, green@wisozklegros.name, 1-610-282-7756 x37385, 1995-07-15
Willard Mertz, joany_franecki@kuhlmanhuels.org, 1-814-024-8810, 2000-04-02
Imelda Heidenreich DDS, josefa_schowalter@kutch.net, (338)918-0062, 2004-09-25
Carley Cormier, francis@jenkinshilll.com, 328-848-8023 x7142, 1989-08-01
Armand Koelpin MD, zechariah@kuhic.biz, 1-343-252-6279 x683, 1991-10-06
Myrtis Bernier, adalberto.adams@hickle.name, 548-517-8821, 2001-11-25
Maxie Donnelly, bonnie.crona@watsica.org, 509-548-9286 x1989, 2001-02-01
Mrs. Maiya Nolan, eldora@hilllcummerata.name, (120)752-3698 x0159, 1992-06-07
Jedidiah Spinka, connie.kulas@hoppe.name, (842)621-5917 x13213, 2004-11-17
Noemy Watsica, jadyn_heller@gerlachkaulke.org, 865-738-0784, 1992-04-05
Filomena Mueller, luigi.rempel@ko.info, 707.176.5450, 2002-01-31
Willa Bruen, carlos.walter@schowalter.com, 1-432-254-2008 x1197, 2000-07-07
Alva Leuschke, betsy.medhurst@satterfieldpfeffer.org, 1-838-131-2600 x368, 2003-05-14
Dr. Jessy Hand, katharina.thiel@cole.net, 665.468.0625 x38046, 1994-09-11
Hank Senger, cordia@hauckconn.name, 233-601-6193 x576, 1995-12-27
Deanna Murray, juanita@will.info, 1-778-023-3236 x093, 1991-04-17
Daisy Marvin, diego@koelpin.com, 793-010-6085 x2351, 2004-05-05
Kaylin Hand, jennings@keeling.biz, (207)534-2746, 2005-01-30
Athena Spinka, keith@king.info, 1-753-954-8337, 1997-05-22
Wade Legros, maxine@sanford.biz, 1-637-315-0759 x67828, 1999-12-02
Sheldon Price, devyn@tillman.org, 1-560-013-3302 x82330, 2002-07-29
Aidan Ernser, maudie@mcglynn.biz, (943)542-5265, 1990-04-30
Lizzie Rohan, cathrine@mclaughlin.info, 246.834.0582 x0936, 2001-11-03
Sarina Schimmel, zechariah@brakus.name, 1-363-462-3232, 1991-08-03
Payton Kutch, cynthia@bashirianbuckridge.com, (439)817-4559 x04489, 2004-12-14
Bartholome Hansen, aniya.toy@donnellydoyle.biz, (640)705-9019 x142, 1993-12-12
Nathanial Towne, samantha@tremblayschowalter.com, 549.199.3275, 1996-02-27
Suzanne Koss DVM, gloria.kohler@haag.info, (152)771-2343, 2004-04-28
Norene Kemmer, sasha_ko@lynch.info, (211)381-9519 x10138, 2002-01-29
Chelsea Haag, gonzalo.vandervort@gerhold.org, 441-236-6510 x64365, 2004-10-07
Ila Kihn, philip.larkin@christiansen.info, 508-491-4228, 1989-02-22
Liliana Thompson III, joey@lebsack.com, (271)394-7774 x9975, 1999-03-13
Kiel Shields, kiarra.tillman@graham.biz, 112.770.6845 x315, 1994-06-10
Landen Friesen, beatrice@feilkutch.name, 1-844-786-6745, 1998-03-02
Michel Lemke MD, coy.herman@bradtke.org, 497-295-1729 x979, 2002-10-26
Mr. Eleanora Green, jeanette@herman.org, 1-560-590-8408, 1995-05-15
Lucius Tremblay, orin_doyle@weinat.com, 196.862.5416 x436, 1989-08-17
Ambrose Kiehn, linwood.hodkiewicz@block.org, (431)938-8833 x722, 1992-07-11
Mitchel O'Reilly, antonette@hodkiewicz.net, 573.757.5033 x37675, 2001-09-03
Jeanie Heathcote, evie_hamill@schneider.biz, 483-045-9229, 2000-11-22
Gregorio Rempel Jr., furman@millersenger.com, 509.328.1669 x70828, 2004-07-15
Miss Jamey Bechtelar, yoshiko@nicolas.org, (909)392-4796 x8616, 1996-01-30
Reilly Hickle V, adah@marvinwisoky.net, (915)637-6497, 2003-02-28
Ramona Will, bridgette@nicolas.net, 791-175-1110, 2002-10-05
Bonnie Cormier, jennie_tromp@swift.org, 1-996-816-3462, 1992-09-18
Mr. Selena Harvey, gladys@turnerrunte.biz, 438.509.6783, 1993-09-24
Isaias Metz, lindsay.watsica@skiles.org, 500.766.2691 x154, 1998-04-04
Anastasia Sanford, dallas.dubuque@senger.org, (522)629-3240 x191, 2001-08-06
Lila Romaguera, zackery.hilll@veum.info, 402.211.0258 x6992, 1995-09-29
Jamie Orn, madalyn_harris@schroeder.com, 641-832-5509, 2003-08-29
Aimee Murray, herbert@wiza.com, 625.309.9582, 1988-09-18
Madonna Ebert, ramona_jones@mante.com, 966.231.7382, 1994-12-02
Milford Keebler, jailyn@abshire.net, 857-932-5139 x86739, 1997-03-24
Delilah Schiller, lisette.wuckert@krajcik.info, (481)246-8081 x68685, 1992-04-22
Demetris Leffler, misael@moore.net, 1-991-650-2402 x95780, 1994-01-28
Ray Hermann, braeden@braun.name, 300.664.2842, 2002-01-19
Green Donnelly PhD, rhoda_okeefe@goyette.com, (349)692-5413, 2002-11-26
Russell Gorczany, magdalena@wunsch.net, 407.437.6051, 2002-05-05
Eduardo Farrell II, braxton.gorczany@mcclure.name, 980.211.9670, 1988-12-16
Sister Cruickshank, mya.hane@hartmannsawayn.biz, 522.132.4694 x828, 1995-10-20
Benedict Hoeger, sabryna@larkin.name, 1-918-651-8201, 1996-06-10
Zack Gusikowski, sim.goodwin@schimmel.info, 322-064-9031, 1998-10-25
Emilie Thompson, paxton@labadiespinka.net, 865.249.6223, 2001-05-16
Cassandra Carroll III, noe.stroman@zulauf.com, 418-952-1033, 1989-06-14
Dr. Winnifred Fisher, stanton@hammechumm.org, 333-774-7525 x104, 1988-11-12
Lauryn Kunze, ralph@will.net, 936-036-3732 x442, 1989-04-10
Liliane Stehr, libbie.champlin@greenholt.biz, 1-369-861-3944 x7546, 2002-06-02
Evan Quitzon, katharina_murphy@cronin.org, (474)190-3131, 1993-04-05
Shanie Metz, benedict_lang@hayes.biz, (913)853-2566 x70546, 1990-03-13
Reece Fadel, timmothy_botsford@darebernhard.biz, 1-528-090-8453 x12248, 1999-06-26
Alize Fisher III, germaine@moriette.org, 974-215-6015 x44748, 2003-12-28
Dandre Schowalter Sr., earnestine@nienowyost.name, (572)942-3053 x472, 1991-10-11
Emma Schowalter, vance_crona@wittinglebsack.info, (567)473-3975, 2002-06-15
Lori Leffler, vernon.wyman@leannon.org, 129.654.7740, 2003-01-06
Madisyn Conn, lonnie_robel@oberbrunner.net, 259-256-4850 x796, 2001-04-19
Murl Hamill, elna.leuschke@thiel.net, 1-685-312-9575 x0940, 2000-09-19
Noah Kshlerin, ubaldo.schmidt@yundt.net, (487)934-7466 x5517, 1992-03-06
Tito Schumm II, rocio_windler@mills.org, 1-854-602-1839 x324, 1988-10-30
Stone Romaguera DDS, ubaldo@kirlin.net, 715.975.8327, 1996-10-20
Ms. Kaylah Nader, tre@satterfieldbailey.net, (521)753-1508 x7469, 1988-07-17
Vanessa Osinski, caie@kertzmann.name, 502.159.5488, 1993-05-27
Anastacio Littel, reilly@pacocha.org, (133)113-6912 x8656, 1993-08-04
Idella Hagenes, emmett@pouros.info, (415)323-8450 x6623, 2001-12-20
Kyler Feeney, mckayla.ohara@bruen.name, 601.438.0984 x265, 2004-07-21
Ms. Jamel Stamm, ian@wolfarmstrong.net, (892)684-9784 x95960, 1989-04-04
Mr. Tomas Marvin, teresa@ernser.biz, 1-723-711-2214, 1999-03-19
Rashawn Pouros, laurel@larkinstracke.com, 263-061-3355, 1994-03-03
Desiree Gislason, ellsworth@reilly.name, (677)381-2066 x3106, 1993-02-05
Mr. Aubrey Hoppe, stephania@streich.net, 828-500-5967, 1997-05-23
Drew Kling, amely@mraz.net, (183)886-5538 x463, 2005-04-04
Dr. Rosa Glover, carolanne@armstrong.net, 414.853.5286 x8560, 1991-10-05
Marietta Wiza, nicholas@rempel.org, (837)742-1074 x30693, 1994-11-29
Bradly Goyette Sr., billy@oharapouros.biz, 1-883-039-6375, 1995-01-13
Miss Ernie Rau, zachery.breitenberg@yundtmacejkovic.com, 153-743-3202, 1995-08-17
Dr. Leopold O'Hara, lavonne_beahan@stanton.biz, (729)796-9861 x5808, 1996-02-27
Juliet Ernser, peter_cummings@gerlach.biz, 100-479-3480, 1992-12-01
Jarvis Pfannerstill, shaniya@thieltorphy.com, 616.478.3761, 1998-08-19
Micaela Jacobi, elton@runolfonhegmann.com, (732)667-0991 x76927, 2003-08-15
Carlotta MacGyver II, loma@bednar.com, 396.024.8703 x800, 2003-04-14
Garry Walter, audra.connelly@reichel.name, 205-319-7110 x4656, 1999-07-16
Ludwig Botsford, shakira@heidenreich.name, (669)869-9850, 1994-11-22
Weldon Mann DVM, lawson_walter@hermistonwiza.biz, 971.467.5371 x7400, 1994-03-21
Lucio Renner, helga@boyle.info, 1-355-381-9584 x0808, 1998-02-03
Abagail Erdman, mack@konopelski.com, 1-732-513-6656, 1993-11-11
Dortha Feeney, jedediah.streich@kuhic.net, 635.510.7600, 1994-10-21
Buford Carter, beau@goyettehermann.net, (615)339-4347 x238, 1998-08-20
Trystan Ondricka PhD, concepcion.boehm@hayespfannerstill.net, 949.314.4750 x816, 1996-03-11
Destany Howell, marshall_sanford@gerholdlind.com, 569-620-3675 x179, 2002-02-12
Alene Mertz, earlene@doylekoelpin.name, (409)877-3341, 1999-02-25
Florida Block, leonard.mclaughlin@spinkafeest.name, 1-965-147-0242, 1990-03-23
Murl Halvorson, damaris_wiegand@schimmel.com, 727.639.6992 x403, 1998-10-18
Ms. Kamren Dooley, evalyn@kristorphy.info, 952.629.2378, 1995-03-17
Amparo Jenkins, raleigh_rowe@mraz.biz, 683-085-0906 x551, 1994-08-02
Joana Yost, jamarcus_graham@dickinson.biz, 727-098-2139 x35800, 1993-03-29
Araceli Predovic Jr., craig@becker.name, 991.190.3842, 2004-10-26
Diamond Metz, amparo_graham@jacobsonstamm.info, 1-444-683-6080 x424, 2000-02-18
Miss Petra Reichert, travis@bergnaum.org, (952)779-8512 x119, 2000-07-14
Devyn Konopelski, iva@gutkowski.net, (522)618-3753 x466, 1999-10-01
Robbie Fisher IV, coralie.little@schroeder.org, 1-479-011-8982, 1989-06-27
Jessica Bartell, garnett.metz@parisianlabadie.biz, 1-949-070-1231, 2001-02-19
Ophelia Schiller PhD, wilfrid.trantow@kihn.name, 692.944.8448 x82910, 1997-08-17
Ryann Lesch, carmel_denesik@larson.name, 737.798.5092 x50476, 2005-01-07
Crawford Rodriguez IV, bria.casper@stromangaylord.com, 901-114-6899 x9699, 2004-12-06
Warren Little, celine_feil@runolfon.name, (121)275-7004, 1996-11-13
Dovie Lindgren, reese.runolfsdottir@sanfordrolfson.com, 723-098-2989, 1999-01-23
Devin Dickens, gretchen@mcculloughbosco.org, 480-246-9480 x0236, 2002-11-11
Johnnie Ullrich, blanca@langosh.net, 634.412.1571, 1996-03-01
Jacinto Schimmel, mackenzie.upton@reichertkunze.info, 1-845-014-2531, 1998-07-13
Viviane Cummings, maia_schaefer@mantegerhold.org, 775.915.8637, 1996-08-01
Elisa Boyle, quentin_rodriguez@lind.org, (540)857-7631, 1988-10-02
Francisco Ebert MD, nils@medhurst.com, 141.459.1134, 1995-02-19
Rusty Raynor, michel_luettgen@schaeferrogahn.net, 335-043-3307 x6435, 2004-01-03
Dillan Pagac, bennie@borer.biz, 681-257-0194 x807, 2002-05-28
Lenna Padberg, maxwell@sawaynpouros.name, 968.737.1796 x48581, 2001-03-31
Sibyl Smitham PhD, nola_ziemann@yundt.biz, 708-365-4738, 2001-05-17
Mrs. Laverne Green, brando@mayer.biz, (293)053-4231 x62111, 2004-12-23
Dasia Torp, joelle.pacocha@flatley.name, 1-452-611-9660 x581, 1996-01-26
Hugh Bergnaum, rudy.johnston@faheysatterfield.org, 1-861-400-7307 x4129, 1988-11-19
Antonetta Collier, johnpaul@moriette.com, 615.243.5935 x96135, 1997-11-17
Rachel Maggio, elmira.schmeler@stoltenberg.name, (816)560-8146 x4904, 1997-04-27
Mrs. Aurelie McLaughlin, rose@miller.org, (982)989-3532 x4413, 1995-03-30
Mrs. Germaine Sipes, reagan@glover.org, 836.232.0877, 2003-08-06
Franco Koelpin, zakary@hickle.name, 1-392-789-0127 x45766, 1993-08-16
Randall Waelchi, eveline@riceharris.com, 1-252-775-7120 x70528, 2001-06-30
Laila Mante, keith@grant.info, 608.542.4660, 2000-11-04
Miss Trinity Corwin, trisha_lesch@schimmel.net, 203-921-6315, 1995-05-31
Stephania Hills I, andreanne_dooley@balistreri.com, 871.681.5568 x48515, 1998-09-02
Isaias Corkery, aurelia@hahn.info, 370.653.6915 x3441, 1998-03-01
Curt Mante, walton@rauglover.org, 1-631-748-2011 x928, 2002-07-25
Wendy Bailey Jr., leonel@breitenberg.net, 883-983-8345 x0965, 1996-04-05
Audrey Kirlin, milford.kuhic@corkery.name, 1-763-512-1036 x2251, 1993-12-23
Zackery Hills, dawson@mclaughlin.biz, 892-632-6236 x2383, 1998-12-25
Layla Johns, ervin_mcclure@kulaszieme.org, (670)024-9592 x881, 1999-10-15
Leon O'Keefe V, malinda_carroll@beckermosciski.org, (235)957-7697, 1989-05-02
Gilberto Langworth, gilda@kilback.net, 1-570-891-4917 x11257, 1999-09-03
Ms. Holden Bradtke, rudy@weimannhaag.info, (618)406-9639, 1997-11-15
Javon Jast, telly@schroederkilback.com, 580.939.0426 x48346, 2002-11-26
Adolfo Schoen, jeie@kohlerbraun.name, (861)327-6838, 2003-10-06
Scotty Wolf I, emilia@quigley.net, 405-835-8124 x5412, 1997-01-29
Noelia Nicolas, alena@kuhlmanstanton.com, 234-561-5330 x3154, 1996-05-30
Timmothy Schoen, hortense@beckercrooks.com, 577-759-1456 x9213, 1995-06-21
Mr. Kaci Legros, deshawn@schroeder.name, (429)743-8401, 2000-12-02
Justyn Bradtke, mavis.koepp@padberg.info, 136.497.8063, 2003-07-07